SET SQL_MODE = "NO_AUTO_VALUE_ON_ZERO";
SET time_zone = "+00:00";

--
-- Table structure for table `admin`
--

CREATE TABLE `admin` (
  `adm_id` int(222) NOT NULL,
  `username` varchar(222) NOT NULL,
  `password` varchar(222) NOT NULL,
  `email` varchar(222) NOT NULL,
  `code` varchar(222) NOT NULL,
  `date` timestamp NOT NULL DEFAULT CURRENT_TIMESTAMP ON UPDATE CURRENT_TIMESTAMP
) ENGINE=InnoDB DEFAULT CHARSET=latin1;

--
-- Dumping data for table `admin`
--

INSERT INTO `admin` (`adm_id`, `username`, `password`, `email`, `code`, `date`) VALUES
(1, 'admin', '9c73abc8fd22406b823acdab49fea53c', 'admin@gmail.com', '', '2022-10-22 00:50:53');

--
-- Table structure for table `dishes`
--

CREATE TABLE `dishes` (
  `d_id` int(222) NOT NULL,
  `rs_id` int(222) NOT NULL,
  `title` varchar(222) NOT NULL,
  `slogan` varchar(222) NOT NULL,
  `price` decimal(10,2) NOT NULL,
  `img` varchar(222) NOT NULL
) ENGINE=InnoDB DEFAULT CHARSET=latin1;

--
-- Dumping data for table `dishes`
--

INSERT INTO `dishes` (`d_id`, `rs_id`, `title`, `slogan`, `price`, `img`) VALUES
(1, 1, 'Yorkshire Lamb Patties', 'Lamb patties which melt in your mouth, and are quick and easy to make. Served hot with a crisp salad.', '14.00', '62908867a48e4.jpg'),
(2, 1, 'Lobster Thermidor', 'Lobster Thermidor is a French dish of lobster meat cooked in a rich wine sauce, stuffed back into a lobster shell, and browned.', '36.00', '629089fee52b9.jpg'),
(3, 4, 'Chicken Madeira', 'Chicken Madeira, like Chicken Marsala, is made with chicken, mushrooms, and a special fortified wine. But, the wines are different;', '23.00', '62908bdf2f581.jpg'),
(4, 1, 'Stuffed Jacket Potatoes', 'Deep fry whole potatoes in oil for 8-10 minutes or coat each potato with little oil. Mix the onions, garlic, tomatoes and mushrooms. Add yoghurt, ginger, garlic, chillies, coriander', '8.00', '62908d393465b.jpg'),
(5, 2, 'Pink Spaghetti Gamberoni', 'Spaghetti with prawns in a fresh tomato sauce. This dish originates from Southern Italy and with the combination of prawns, garlic, chilli and pasta. Garnish each with remaining tablespoon parsley.', '21.00', '606d7491a9d13.jpg'),
(6, 2, 'Crispy Chicken Strips', 'Fried chicken strips, served with special honey mustard sauce.', '8.00', '606d74f6ecbbb.jpg'),
(7, 2, 'Lemon Grilled Chicken And Pasta', 'Marinated rosemary grilled chicken breast served with mashed potatoes and your choice of pasta.', '11.00', '606d752a209c3.jpg'),
(8, 3, 'Vegetable Fried Rice', 'Chinese rice wok with cabbage, beans, carrots, and spring onions.', '5.00', '606d7575798fb.jpg'),
(9, 3, 'Prawn Crackers', '12 pieces deep-fried prawn crackers', '7.00', '606d75a7e21ec.jpg');

--
-- Table structure for table `remark`
--

CREATE TABLE `remark` (
  `id` int(11) NOT NULL,
  `frm_id` int(11) NOT NULL,
  `status` varchar(255) NOT NULL,
  `remarkDate` timestamp NOT NULL DEFAULT CURRENT_TIMESTAMP
) ENGINE=InnoDB DEFAULT CHARSET=latin1;

--
-- Dumping data for table `remark`
--

INSERT INTO `remark` (`id`, `frm_id`, `status`, `remarkDate`) VALUES
(1, 2, 'in process', '2022-10-22 01:50:53');

--
-- Table structure for table `restaurant`
--

CREATE TABLE `restaurant` (
  `rs_id` int(222) NOT NULL,
  `c_id` int(222) NOT NULL,
  `title` varchar(222) NOT NULL,
  `email` varchar(222) NOT NULL,
  `phone` varchar(222) NOT NULL,
  `url` varchar(222) NOT NULL,
  `o_hr` varchar(222) NOT NULL,
  `c_hr` varchar(222) NOT NULL,
  `o_days` varchar(222) NOT NULL,
  `address` text NOT NULL,
  `image` text NOT NULL,
  `date` timestamp NOT NULL DEFAULT CURRENT_TIMESTAMP ON UPDATE CURRENT_TIMESTAMP
) ENGINE=InnoDB DEFAULT CHARSET=latin1;

--
-- Dumping data for table `restaurant`
--

INSERT INTO `restaurant` (`rs_id`, `c_id`, `title`, `email`, `phone`, `url`, `o_hr`, `c_hr`, `o_days`, `address`, `image`, `date`) VALUES
(1, 1, 'North Street Tavern', 'nthavern@gmail.com', '3547854700', 'www.northstreettavern.com', '8am', '8pm', 'Mon-Sat', '1128 North St, White Plains', '6290877b473ce.jpg', '2022-10-22 00:50:53'),
(2, 2, 'Eataly', 'eataly@gmail.com', '0557426406', 'www.eataly.com', '11am', '9pm', 'Mon-Sat', '800 Boylston St, Boston', '606d720b5fc71.jpg', '2022-10-22 00:50:53'),
(3, 3, 'Nan Xiang Xiao Long Bao', 'nanxiangbao45@gmail.com', '1458745855', 'www.nanxiangbao45.com', '9am', '8pm', 'Mon-Sat', 'Queens, New York', '6290860e72d1e.jpg', '2022-10-22 00:50:53'),
(4, 4, 'Highlands Bar & Grill', 'hbg@gmail.com', '6545687458', 'www.hbg.com', '7am', '8pm', 'Mon-Sat', '812 Walter Street', '6290af6f81887.jpg', '2022-10-22 00:50:53');

--
-- Table structure for table `res_category`
--

CREATE TABLE `res_category` (
  `c_id` int(222) NOT NULL,
  `c_name` varchar(222) NOT NULL,
  `date` timestamp NOT NULL DEFAULT CURRENT_TIMESTAMP ON UPDATE CURRENT_TIMESTAMP
) ENGINE=InnoDB DEFAULT CHARSET=latin1;

--
-- Dumping data for table `res_category`
--

INSERT INTO `res_category` (`c_id`, `c_name`, `date`) VALUES
(1, 'Continental', '2022-10-22 00:50:53'),
(2, 'Italian', '2022-10-22 00:50:53'),
(3, 'Chinese', '2022-10-22 00:50:53'),
(4, 'American', '2022-10-22 00:50:53');

--
-- Table structure for table `users`
--

CREATE TABLE `users` (
  `u_id` int(222) NOT NULL,
  `username` varchar(222) NOT NULL,
  `f_name` varchar(222) NOT NULL,
  `l_name` varchar(222) NOT NULL,
  `email` varchar(222) NOT NULL,
  `phone` varchar(222) NOT NULL,
  `password` varchar(222) NOT NULL,
  `address` text NOT NULL,
  `status` int(222) NOT NULL DEFAULT '1',
  `date` timestamp NOT NULL DEFAULT CURRENT_TIMESTAMP ON UPDATE CURRENT_TIMESTAMP
) ENGINE=InnoDB DEFAULT CHARSET=latin1;

--
-- Dumping data for table `users`
--

INSERT INTO `users` (`u_id`, `username`, `f_name`, `l_name`, `email`, `phone`, `password`, `address`, `status`, `date`) VALUES
(1, 'nikos', 'Nikos', 'Papadosifos', 'nikos@gmail.com', '6985479231', 'd0c83d87d35086350777d0230fb65717', 'Kontoglou 52, Samos', 1, '2022-10-22 00:50:53'),
(2, 'kostas', 'Kostas', 'Gewrgiou', 'kostas@gmail.com', '6987452136', '9fe284472f53dedaec757709980cb6d9', 'Barbadimou 11, Athens', 2, '2022-10-22 00:50:53');


--
-- Table structure for table `users_orders`
--

CREATE TABLE `users_orders` (
  `o_id` int(222) NOT NULL,
  `u_id` int(222) NOT NULL,
  `title` varchar(222) NOT NULL,
  `quantity` int(222) NOT NULL,
  `price` decimal(10,2) NOT NULL,
  `status` varchar(222) DEFAULT NULL,
  `date` timestamp NOT NULL DEFAULT CURRENT_TIMESTAMP ON UPDATE CURRENT_TIMESTAMP
) ENGINE=InnoDB DEFAULT CHARSET=latin1;

--
-- Dumping data for table `users_orders`
--

INSERT INTO `users_orders` (`o_id`, `u_id`, `title`, `quantity`, `price`, `status`, `date`) VALUES
(1, 1, 'Yorkshire Lamb Patties', 1, '14.00', 'rejected', '2022-10-22 00:50:53'),
(2, 1, 'Stuffed Jacket Potatoes', 1, '8.00', 'in process', '2022-10-22 00:50:53'),
(3, 2, 'Stuffed Jacket Potatoes', 1, '8.00', 'closed', '2022-10-22 00:50:53');

--
-- Indexes for dumped tables
--

--
-- Indexes for table `admin`
--
ALTER TABLE `admin`
  ADD PRIMARY KEY (`adm_id`);

--
-- Indexes for table `dishes`
--
ALTER TABLE `dishes`
  ADD PRIMARY KEY (`d_id`);

--
-- Indexes for table `remark`
--
ALTER TABLE `remark`
  ADD PRIMARY KEY (`id`);

--
-- Indexes for table `restaurant`
--
ALTER TABLE `restaurant`
  ADD PRIMARY KEY (`rs_id`);

--
-- Indexes for table `res_category`
--
ALTER TABLE `res_category`
  ADD PRIMARY KEY (`c_id`);

--
-- Indexes for table `users`
--
ALTER TABLE `users`
  ADD PRIMARY KEY (`u_id`);

--
-- Indexes for table `users_orders`
--
ALTER TABLE `users_orders`
  ADD PRIMARY KEY (`o_id`);

--
-- AUTO_INCREMENT for dumped tables
--

--
-- AUTO_INCREMENT for table `admin`
--
ALTER TABLE `admin`
  MODIFY `adm_id` int(222) NOT NULL AUTO_INCREMENT, AUTO_INCREMENT=2;
--
-- AUTO_INCREMENT for table `dishes`
--
ALTER TABLE `dishes`
  MODIFY `d_id` int(222) NOT NULL AUTO_INCREMENT, AUTO_INCREMENT=17;
--
-- AUTO_INCREMENT for table `remark`
--
ALTER TABLE `remark`
  MODIFY `id` int(11) NOT NULL AUTO_INCREMENT, AUTO_INCREMENT=13;
--
-- AUTO_INCREMENT for table `restaurant`
--
ALTER TABLE `restaurant`
  MODIFY `rs_id` int(222) NOT NULL AUTO_INCREMENT, AUTO_INCREMENT=5;
--
-- AUTO_INCREMENT for table `res_category`
--
ALTER TABLE `res_category`
  MODIFY `c_id` int(222) NOT NULL AUTO_INCREMENT, AUTO_INCREMENT=5;
--
-- AUTO_INCREMENT for table `users`
--
ALTER TABLE `users`
  MODIFY `u_id` int(222) NOT NULL AUTO_INCREMENT, AUTO_INCREMENT=7;
--
-- AUTO_INCREMENT for table `users_orders`
--
ALTER TABLE `users_orders`
  MODIFY `o_id` int(222) NOT NULL AUTO_INCREMENT, AUTO_INCREMENT=10;